{"cameraMode":{"drawMode":0,"name":"Shaded","section":"Shading Mode"},"sceneLighting":false,"audioPlay":false,"sceneViewState":{"showFog":true,"showMaterialUpdate":false,"showSkybox":true,"showFlares":true,"showImageEffects":true,"showParticleSystems":true},"in2DMode":false,"pivot":{"x":-1.1920928955078126e-7,"y":0.470994770526886,"z":0.0009482502937316895},"rotation":{"x":-0.140219584107399,"y":0.30416810512542727,"z":-0.04531445354223251,"w":-0.9411519169807434},"size":3.9651942253112795,"orthographic":false}