{"cameraMode":{"drawMode":0,"name":"Shaded","section":"Shading Mode"},"sceneLighting":false,"audioPlay":false,"sceneViewState":{"showFog":true,"showMaterialUpdate":false,"showSkybox":true,"showFlares":true,"showImageEffects":true,"showParticleSystems":true},"in2DMode":false,"pivot":{"x":-1.1920928955078126e-7,"y":0.470994770526886,"z":0.0009482502937316895},"rotation":{"x":0.012815793044865132,"y":0.9742357134819031,"z":-0.21775482594966889,"w":0.05734620988368988},"size":3.9651942253112795,"orthographic":false}