{"cameraMode":{"drawMode":0,"name":"Shaded","section":"Shading Mode"},"sceneLighting":true,"audioPlay":false,"sceneViewState":{"showFog":true,"showMaterialUpdate":false,"showSkybox":true,"showFlares":true,"showImageEffects":true,"showParticleSystems":true},"in2DMode":false,"pivot":{"x":-2.4636528491973879,"y":0.24194085597991944,"z":-0.4834613800048828},"rotation":{"x":-0.05926094949245453,"y":-0.579825758934021,"z":0.0423438586294651,"w":-0.8114824295043945},"size":10.33144474029541,"orthographic":false}