{"cameraMode":{"drawMode":0,"name":"Shaded","section":"Shading Mode"},"sceneLighting":true,"audioPlay":false,"sceneViewState":{"showFog":true,"showMaterialUpdate":false,"showSkybox":true,"showFlares":true,"showImageEffects":true,"showParticleSystems":true},"in2DMode":false,"pivot":{"x":-1.7881393432617188e-7,"y":0.941989541053772,"z":0.001896500587463379},"rotation":{"x":0.005058859474956989,"y":0.9867445230484009,"z":-0.15913747251033784,"w":0.0313846617937088},"size":4.358748435974121,"orthographic":false}