{"cameraMode":{"drawMode":0,"name":"Shaded","section":"Shading Mode"},"sceneLighting":true,"audioPlay":false,"sceneViewState":{"showFog":true,"showMaterialUpdate":false,"showSkybox":true,"showFlares":true,"showImageEffects":true,"showParticleSystems":true},"in2DMode":false,"pivot":{"x":-1.7881393432617188e-7,"y":0.941989541053772,"z":0.001896500587463379},"rotation":{"x":-0.09737113863229752,"y":0.7929247617721558,"z":-0.13154123723506928,"w":-0.586929440498352},"size":3.1587483882904054,"orthographic":false}