{"cameraMode":{"drawMode":0,"name":"Shaded","section":"Shading Mode"},"sceneLighting":false,"audioPlay":false,"sceneViewState":{"showFog":true,"showMaterialUpdate":false,"showSkybox":true,"showFlares":true,"showImageEffects":true,"showParticleSystems":true},"in2DMode":false,"pivot":{"x":-1.8626108169555665,"y":0.9000000953674316,"z":-1.0816859006881714},"rotation":{"x":-0.140219584107399,"y":0.30416810512542727,"z":-0.04531445354223251,"w":-0.9411519169807434},"size":4.1215105056762699,"orthographic":false}